Nr,Canton,ID,Legalform,Companies,Employees,Houseprices,Population,Graduates,Employment,Owners,Households
1,Zürich,1,Einzelfirma,0.0756442695155093,-0.0515629226073181,0.151746923129009,14.1465365621776,220350,0.8313,0.275,651857
1,Zürich,2,Einfache Gesellschaft,-0.213267543859649,-0.269107551487414,0.151746923129009,14.1465365621776,220350,0.8313,0.275,651857
1,Zürich,3,Kollektivgesellschaft,-0.162085976039464,-0.259548058561426,0.151746923129009,14.1465365621776,220350,0.8313,0.275,651857
1,Zürich,4,Kommanditgesellschaft,-0.328358208955224,-0.353478566408995,0.151746923129009,14.1465365621776,220350,0.8313,0.275,651857
1,Zürich,5,Kommanditaktiengesellschaft,,,0.151746923129009,14.1465365621776,220350,0.8313,0.275,651857
1,Zürich,6,Aktiengesellschaft (AG),0.0496841041192823,0.0364423758322324,0.151746923129009,14.1465365621776,220350,0.8313,0.275,651857
1,Zürich,7,Gesellschaft mit beschränkter Haftung (GmbH),0.268957507856265,0.269607108981079,0.151746923129009,14.1465365621776,220350,0.8313,0.275,651857
1,Zürich,8,Genossenschaft,0.00613496932515337,0.0723748773307164,0.151746923129009,14.1465365621776,220350,0.8313,0.275,651857
1,Zürich,9,Verein,0.072130037250254,0.0521475151787722,0.151746923129009,14.1465365621776,220350,0.8313,0.275,651857
1,Zürich,10,Stiftung,0.107309486780715,0.17060438629199,0.151746923129009,14.1465365621776,220350,0.8313,0.275,651857
1,Zürich,11,Ausländische Niederlassung im Handelsregister eingetragen,-0.0174129353233831,0.0512516914749662,0.151746923129009,14.1465365621776,220350,0.8313,0.275,651857
1,Zürich,12,Ausländische Niederlassung nicht im Handelsregister eingetragen,-0.298701298701299,-0.114942528735632,0.151746923129009,14.1465365621776,220350,0.8313,0.275,651857
1,Zürich,17,Institut des öffentlichen Rechts,0.157894736842105,0.0512505484861782,0.151746923129009,14.1465365621776,220350,0.8313,0.275,651857
1,Zürich,20,Bundesverwaltung,,,0.151746923129009,14.1465365621776,220350,0.8313,0.275,651857
1,Zürich,21,Kantonsverwaltung,,0.104226558199278,0.151746923129009,14.1465365621776,220350,0.8313,0.275,651857
1,Zürich,22,Verwaltung des Bezirks,-0.25,0.108695652173913,0.151746923129009,14.1465365621776,220350,0.8313,0.275,651857
1,Zürich,23,Verwaltung der Gemeinde,-0.0561797752808989,0.00735632183908046,0.151746923129009,14.1465365621776,220350,0.8313,0.275,651857
1,Zürich,24,Öffentliche Verwaltung einer Körperschaft,0.428571428571429,0.154557655337517,0.151746923129009,14.1465365621776,220350,0.8313,0.275,651857
1,Zürich,31,Öffentliches Unternehmen des Kantons,-0.2,0.156139919718195,0.151746923129009,14.1465365621776,220350,0.8313,0.275,651857
1,Zürich,32,Öffentliches Unternehmen des Bezirks,,-1,0.151746923129009,14.1465365621776,220350,0.8313,0.275,651857
1,Zürich,33,EinzelfirmaÖffentliches Unternehmen der Gemeinde,-0.217948717948718,0.205251251114006,0.151746923129009,14.1465365621776,220350,0.8313,0.275,651857
1,Zürich,34,Öffentliches Unternehmen einer Körperschaft,-0.15625,0.0463948584053023,0.151746923129009,14.1465365621776,220350,0.8313,0.275,651857
2,Bern / Berne,1,Einzelfirma,-0.0559358713894532,-0.107424541552485,0.0696863339581654,13.8004436195714,87973,0.836,0.388,455468
2,Bern / Berne,2,Einfache Gesellschaft,-0.213836477987421,-0.175617205395775,0.0696863339581654,13.8004436195714,87973,0.836,0.388,455468
2,Bern / Berne,3,Kollektivgesellschaft,-0.216300940438871,-0.206274348985032,0.0696863339581654,13.8004436195714,87973,0.836,0.388,455468
2,Bern / Berne,4,Kommanditgesellschaft,-0.315436241610738,-0.508607198748044,0.0696863339581654,13.8004436195714,87973,0.836,0.388,455468
2,Bern / Berne,5,Kommanditaktiengesellschaft,,,0.0696863339581654,13.8004436195714,87973,0.836,0.388,455468
2,Bern / Berne,6,Aktiengesellschaft (AG),0.0389974840332882,0.222898517279178,0.0696863339581654,13.8004436195714,87973,0.836,0.388,455468
2,Bern / Berne,7,Gesellschaft mit beschränkter Haftung (GmbH),0.293152824785212,0.306598867444817,0.0696863339581654,13.8004436195714,87973,0.836,0.388,455468
2,Bern / Berne,8,Genossenschaft,-0.0558292282430214,-0.00117038037362143,0.0696863339581654,13.8004436195714,87973,0.836,0.388,455468
2,Bern / Berne,9,Verein,0.0802075019952115,0.0385946975857983,0.0696863339581654,13.8004436195714,87973,0.836,0.388,455468
2,Bern / Berne,10,Stiftung,0.051975051975052,-0.174633876761536,0.0696863339581654,13.8004436195714,87973,0.836,0.388,455468
2,Bern / Berne,11,Ausländische Niederlassung im Handelsregister eingetragen,-0.0512820512820513,-0.102325581395349,0.0696863339581654,13.8004436195714,87973,0.836,0.388,455468
2,Bern / Berne,12,Ausländische Niederlassung nicht im Handelsregister eingetragen,0.333333333333333,0.392857142857143,0.0696863339581654,13.8004436195714,87973,0.836,0.388,455468
2,Bern / Berne,17,Institut des öffentlichen Rechts,0,-0.511771638830598,0.0696863339581654,13.8004436195714,87973,0.836,0.388,455468
2,Bern / Berne,20,Bundesverwaltung,,0.0498614958448754,0.0696863339581654,13.8004436195714,87973,0.836,0.388,455468
2,Bern / Berne,21,Kantonsverwaltung,,0.070286514559141,0.0696863339581654,13.8004436195714,87973,0.836,0.388,455468
2,Bern / Berne,22,Verwaltung des Bezirks,,-1,0.0696863339581654,13.8004436195714,87973,0.836,0.388,455468
2,Bern / Berne,23,Verwaltung der Gemeinde,-0.0835579514824798,0.0547809469884635,0.0696863339581654,13.8004436195714,87973,0.836,0.388,455468
2,Bern / Berne,24,Öffentliche Verwaltung einer Körperschaft,0.426666666666667,0.10641110376735,0.0696863339581654,13.8004436195714,87973,0.836,0.388,455468
2,Bern / Berne,31,Öffentliches Unternehmen des Kantons,,-0.881118881118881,0.0696863339581654,13.8004436195714,87973,0.836,0.388,455468
2,Bern / Berne,32,Öffentliches Unternehmen des Bezirks,,Inf,0.0696863339581654,13.8004436195714,87973,0.836,0.388,455468
2,Bern / Berne,33,EinzelfirmaÖffentliches Unternehmen der Gemeinde,-0.454545454545455,-0.285600636435959,0.0696863339581654,13.8004436195714,87973,0.836,0.388,455468
2,Bern / Berne,34,Öffentliches Unternehmen einer Körperschaft,-0.56989247311828,-0.143053016453382,0.0696863339581654,13.8004436195714,87973,0.836,0.388,455468
3,Luzern,1,Einzelfirma,-0.00846642293630941,-0.125213639292819,0.0754211429052235,12.8530868783919,30671,0.8282,0.335,162301
3,Luzern,2,Einfache Gesellschaft,-0.0683760683760684,-0.0957202024850437,0.0754211429052235,12.8530868783919,30671,0.8282,0.335,162301
3,Luzern,3,Kollektivgesellschaft,-0.209876543209877,-0.621325648414986,0.0754211429052235,12.8530868783919,30671,0.8282,0.335,162301
3,Luzern,4,Kommanditgesellschaft,-0.347826086956522,-0.528455284552846,0.0754211429052235,12.8530868783919,30671,0.8282,0.335,162301
3,Luzern,5,Kommanditaktiengesellschaft,,-0.135135135135135,0.0754211429052235,12.8530868783919,30671,0.8282,0.335,162301
3,Luzern,6,Aktiengesellschaft (AG),0.198919143629183,0.1115926801506,0.0754211429052235,12.8530868783919,30671,0.8282,0.335,162301
3,Luzern,7,Gesellschaft mit beschränkter Haftung (GmbH),0.446264367816092,0.382911596162514,0.0754211429052235,12.8530868783919,30671,0.8282,0.335,162301
3,Luzern,8,Genossenschaft,-0.0733333333333333,0.060207991242474,0.0754211429052235,12.8530868783919,30671,0.8282,0.335,162301
3,Luzern,9,Verein,0.0809898762654668,0.170042308038527,0.0754211429052235,12.8530868783919,30671,0.8282,0.335,162301
3,Luzern,10,Stiftung,0.025974025974026,0.0110120608285265,0.0754211429052235,12.8530868783919,30671,0.8282,0.335,162301
3,Luzern,11,Ausländische Niederlassung im Handelsregister eingetragen,-0.166666666666667,-0.735795454545455,0.0754211429052235,12.8530868783919,30671,0.8282,0.335,162301
3,Luzern,12,Ausländische Niederlassung nicht im Handelsregister eingetragen,,,0.0754211429052235,12.8530868783919,30671,0.8282,0.335,162301
3,Luzern,17,Institut des öffentlichen Rechts,0,0.111247058823529,0.0754211429052235,12.8530868783919,30671,0.8282,0.335,162301
3,Luzern,20,Bundesverwaltung,,,0.0754211429052235,12.8530868783919,30671,0.8282,0.335,162301
3,Luzern,21,Kantonsverwaltung,,0.126014024474082,0.0754211429052235,12.8530868783919,30671,0.8282,0.335,162301
3,Luzern,22,Verwaltung des Bezirks,,,0.0754211429052235,12.8530868783919,30671,0.8282,0.335,162301
3,Luzern,23,Verwaltung der Gemeinde,-0.0465116279069768,0.060541995002883,0.0754211429052235,12.8530868783919,30671,0.8282,0.335,162301
3,Luzern,24,Öffentliche Verwaltung einer Körperschaft,0.0327868852459016,0.476099426386233,0.0754211429052235,12.8530868783919,30671,0.8282,0.335,162301
3,Luzern,31,Öffentliches Unternehmen des Kantons,0,0.188059701492537,0.0754211429052235,12.8530868783919,30671,0.8282,0.335,162301
3,Luzern,32,Öffentliches Unternehmen des Bezirks,,,0.0754211429052235,12.8530868783919,30671,0.8282,0.335,162301
3,Luzern,33,EinzelfirmaÖffentliches Unternehmen der Gemeinde,-0.242424242424242,-0.327653631284916,0.0754211429052235,12.8530868783919,30671,0.8282,0.335,162301
3,Luzern,34,Öffentliches Unternehmen einer Körperschaft,0,0.287185354691076,0.0754211429052235,12.8530868783919,30671,0.8282,0.335,162301
4,Uri,1,Einzelfirma,-0.0185567010309278,-0.126934097421203,0.070787851197334,10.4739584952286,1876,0.8004,0.446,14577
4,Uri,2,Einfache Gesellschaft,-0.234375,-0.171597633136095,0.070787851197334,10.4739584952286,1876,0.8004,0.446,14577
4,Uri,3,Kollektivgesellschaft,-0.361702127659575,-0.287958115183246,0.070787851197334,10.4739584952286,1876,0.8004,0.446,14577
4,Uri,4,Kommanditgesellschaft,,-0.026615969581749,0.070787851197334,10.4739584952286,1876,0.8004,0.446,14577
4,Uri,5,Kommanditaktiengesellschaft,,,0.070787851197334,10.4739584952286,1876,0.8004,0.446,14577
4,Uri,6,Aktiengesellschaft (AG),0.167808219178082,0.105218425973143,0.070787851197334,10.4739584952286,1876,0.8004,0.446,14577
4,Uri,7,Gesellschaft mit beschränkter Haftung (GmbH),0.340425531914894,0.288981288981289,0.070787851197334,10.4739584952286,1876,0.8004,0.446,14577
4,Uri,8,Genossenschaft,0.0689655172413793,0.046875,0.070787851197334,10.4739584952286,1876,0.8004,0.446,14577
4,Uri,9,Verein,0.0288461538461538,-0.19429347826087,0.070787851197334,10.4739584952286,1876,0.8004,0.446,14577
4,Uri,10,Stiftung,0.166666666666667,0.396984924623116,0.070787851197334,10.4739584952286,1876,0.8004,0.446,14577
4,Uri,11,Ausländische Niederlassung im Handelsregister eingetragen,,1.25,0.070787851197334,10.4739584952286,1876,0.8004,0.446,14577
4,Uri,12,Ausländische Niederlassung nicht im Handelsregister eingetragen,,,0.070787851197334,10.4739584952286,1876,0.8004,0.446,14577
4,Uri,17,Institut des öffentlichen Rechts,,0.09,0.070787851197334,10.4739584952286,1876,0.8004,0.446,14577
4,Uri,20,Bundesverwaltung,,,0.070787851197334,10.4739584952286,1876,0.8004,0.446,14577
4,Uri,21,Kantonsverwaltung,,0.0188118811881188,0.070787851197334,10.4739584952286,1876,0.8004,0.446,14577
4,Uri,22,Verwaltung des Bezirks,,,0.070787851197334,10.4739584952286,1876,0.8004,0.446,14577
4,Uri,23,Verwaltung der Gemeinde,0,-0.0236336779911374,0.070787851197334,10.4739584952286,1876,0.8004,0.446,14577
4,Uri,24,Öffentliche Verwaltung einer Körperschaft,-0.153846153846154,0.0619469026548673,0.070787851197334,10.4739584952286,1876,0.8004,0.446,14577
4,Uri,31,Öffentliches Unternehmen des Kantons,,0.105357142857143,0.070787851197334,10.4739584952286,1876,0.8004,0.446,14577
4,Uri,32,Öffentliches Unternehmen des Bezirks,,,0.070787851197334,10.4739584952286,1876,0.8004,0.446,14577
4,Uri,33,EinzelfirmaÖffentliches Unternehmen der Gemeinde,,0.107344632768362,0.070787851197334,10.4739584952286,1876,0.8004,0.446,14577
4,Uri,34,Öffentliches Unternehmen einer Körperschaft,-0.375,-0.0481400437636762,0.070787851197334,10.4739584952286,1876,0.8004,0.446,14577
5,Schwyz,1,Einzelfirma,-0.00828367969771836,-0.11421352682042,0.112532024200394,11.9043186936341,13116,0.8255,0.416,62122
5,Schwyz,2,Einfache Gesellschaft,-0.0797101449275362,-0.138240574506284,0.112532024200394,11.9043186936341,13116,0.8255,0.416,62122
5,Schwyz,3,Kollektivgesellschaft,-0.203045685279188,-0.340836012861736,0.112532024200394,11.9043186936341,13116,0.8255,0.416,62122
5,Schwyz,4,Kommanditgesellschaft,-0.243243243243243,0.00232018561484919,0.112532024200394,11.9043186936341,13116,0.8255,0.416,62122
5,Schwyz,5,Kommanditaktiengesellschaft,,,0.112532024200394,11.9043186936341,13116,0.8255,0.416,62122
5,Schwyz,6,Aktiengesellschaft (AG),0.23984319315752,0.0616697786076287,0.112532024200394,11.9043186936341,13116,0.8255,0.416,62122
5,Schwyz,7,Gesellschaft mit beschränkter Haftung (GmbH),0.415614773258532,0.331509181563906,0.112532024200394,11.9043186936341,13116,0.8255,0.416,62122
5,Schwyz,8,Genossenschaft,0.025,0.203501094091904,0.112532024200394,11.9043186936341,13116,0.8255,0.416,62122
5,Schwyz,9,Verein,0.0523076923076923,0.0589473684210526,0.112532024200394,11.9043186936341,13116,0.8255,0.416,62122
5,Schwyz,10,Stiftung,-0.0909090909090909,0.0719457013574661,0.112532024200394,11.9043186936341,13116,0.8255,0.416,62122
5,Schwyz,11,Ausländische Niederlassung im Handelsregister eingetragen,-0.260869565217391,-0.625,0.112532024200394,11.9043186936341,13116,0.8255,0.416,62122
5,Schwyz,12,Ausländische Niederlassung nicht im Handelsregister eingetragen,,,0.112532024200394,11.9043186936341,13116,0.8255,0.416,62122
5,Schwyz,17,Institut des öffentlichen Rechts,,0.0153321976149915,0.112532024200394,11.9043186936341,13116,0.8255,0.416,62122
5,Schwyz,20,Bundesverwaltung,,,0.112532024200394,11.9043186936341,13116,0.8255,0.416,62122
5,Schwyz,21,Kantonsverwaltung,,0.00241429261226461,0.112532024200394,11.9043186936341,13116,0.8255,0.416,62122
5,Schwyz,22,Verwaltung des Bezirks,-0.111111111111111,-0.127826086956522,0.112532024200394,11.9043186936341,13116,0.8255,0.416,62122
5,Schwyz,23,Verwaltung der Gemeinde,0,0.119061936259772,0.112532024200394,11.9043186936341,13116,0.8255,0.416,62122
5,Schwyz,24,Öffentliche Verwaltung einer Körperschaft,0.3,1.0022271714922,0.112532024200394,11.9043186936341,13116,0.8255,0.416,62122
5,Schwyz,31,Öffentliches Unternehmen des Kantons,,0.0714285714285714,0.112532024200394,11.9043186936341,13116,0.8255,0.416,62122
5,Schwyz,32,Öffentliches Unternehmen des Bezirks,,0.351351351351351,0.112532024200394,11.9043186936341,13116,0.8255,0.416,62122
5,Schwyz,33,EinzelfirmaÖffentliches Unternehmen der Gemeinde,0,0.179878048780488,0.112532024200394,11.9043186936341,13116,0.8255,0.416,62122
5,Schwyz,34,Öffentliches Unternehmen einer Körperschaft,,-0.201612903225806,0.112532024200394,11.9043186936341,13116,0.8255,0.416,62122
6,Obwalden,1,Einzelfirma,-0.00582750582750583,-0.148957548354685,0.0412426053658933,10.4880746598642,2332,0.822,0.438,15126
6,Obwalden,2,Einfache Gesellschaft,0.0307692307692308,-0.174273858921162,0.0412426053658933,10.4880746598642,2332,0.822,0.438,15126
6,Obwalden,3,Kollektivgesellschaft,-0.130434782608696,-0.408163265306122,0.0412426053658933,10.4880746598642,2332,0.822,0.438,15126
6,Obwalden,4,Kommanditgesellschaft,-0.444444444444444,-0.681818181818182,0.0412426053658933,10.4880746598642,2332,0.822,0.438,15126
6,Obwalden,5,Kommanditaktiengesellschaft,,,0.0412426053658933,10.4880746598642,2332,0.822,0.438,15126
6,Obwalden,6,Aktiengesellschaft (AG),-0.0311332503113325,0.0774774774774775,0.0412426053658933,10.4880746598642,2332,0.822,0.438,15126
6,Obwalden,7,Gesellschaft mit beschränkter Haftung (GmbH),0.162408759124088,0.214357429718876,0.0412426053658933,10.4880746598642,2332,0.822,0.438,15126
6,Obwalden,8,Genossenschaft,-0.333333333333333,-0.325,0.0412426053658933,10.4880746598642,2332,0.822,0.438,15126
6,Obwalden,9,Verein,0.0985915492957746,0.0422343324250681,0.0412426053658933,10.4880746598642,2332,0.822,0.438,15126
6,Obwalden,10,Stiftung,-0.0769230769230769,0.0294117647058824,0.0412426053658933,10.4880746598642,2332,0.822,0.438,15126
6,Obwalden,11,Ausländische Niederlassung im Handelsregister eingetragen,,-0.166666666666667,0.0412426053658933,10.4880746598642,2332,0.822,0.438,15126
6,Obwalden,12,Ausländische Niederlassung nicht im Handelsregister eingetragen,,0.142857142857143,0.0412426053658933,10.4880746598642,2332,0.822,0.438,15126
6,Obwalden,17,Institut des öffentlichen Rechts,0,0.0226244343891403,0.0412426053658933,10.4880746598642,2332,0.822,0.438,15126
6,Obwalden,20,Bundesverwaltung,,,0.0412426053658933,10.4880746598642,2332,0.822,0.438,15126
6,Obwalden,21,Kantonsverwaltung,,0.189555125725339,0.0412426053658933,10.4880746598642,2332,0.822,0.438,15126
6,Obwalden,22,Verwaltung des Bezirks,,,0.0412426053658933,10.4880746598642,2332,0.822,0.438,15126
6,Obwalden,23,Verwaltung der Gemeinde,0,-0.068421052631579,0.0412426053658933,10.4880746598642,2332,0.822,0.438,15126
6,Obwalden,24,Öffentliche Verwaltung einer Körperschaft,0.0526315789473684,0.0797546012269939,0.0412426053658933,10.4880746598642,2332,0.822,0.438,15126
6,Obwalden,31,Öffentliches Unternehmen des Kantons,,18.5,0.0412426053658933,10.4880746598642,2332,0.822,0.438,15126
6,Obwalden,32,Öffentliches Unternehmen des Bezirks,,,0.0412426053658933,10.4880746598642,2332,0.822,0.438,15126
6,Obwalden,33,EinzelfirmaÖffentliches Unternehmen der Gemeinde,,0.104477611940299,0.0412426053658933,10.4880746598642,2332,0.822,0.438,15126
6,Obwalden,34,Öffentliches Unternehmen einer Körperschaft,,-1,0.0412426053658933,10.4880746598642,2332,0.822,0.438,15126
7,Nidwalden,1,Einzelfirma,-0.0282352941176471,-0.117219078415521,0.0369774545478922,10.6288840873116,3032,0.8437,0.381,17994
7,Nidwalden,2,Einfache Gesellschaft,-0.078125,-0.0684931506849315,0.0369774545478922,10.6288840873116,3032,0.8437,0.381,17994
7,Nidwalden,3,Kollektivgesellschaft,-0.333333333333333,-0.617224880382775,0.0369774545478922,10.6288840873116,3032,0.8437,0.381,17994
7,Nidwalden,4,Kommanditgesellschaft,-0.214285714285714,-0.745098039215686,0.0369774545478922,10.6288840873116,3032,0.8437,0.381,17994
7,Nidwalden,5,Kommanditaktiengesellschaft,,,0.0369774545478922,10.6288840873116,3032,0.8437,0.381,17994
7,Nidwalden,6,Aktiengesellschaft (AG),0.0403543307086614,0.0742404227212682,0.0369774545478922,10.6288840873116,3032,0.8437,0.381,17994
7,Nidwalden,7,Gesellschaft mit beschränkter Haftung (GmbH),0.251689189189189,0.265016047684548,0.0369774545478922,10.6288840873116,3032,0.8437,0.381,17994
7,Nidwalden,8,Genossenschaft,-0.307692307692308,-0.146496815286624,0.0369774545478922,10.6288840873116,3032,0.8437,0.381,17994
7,Nidwalden,9,Verein,0.111111111111111,0.150501672240803,0.0369774545478922,10.6288840873116,3032,0.8437,0.381,17994
7,Nidwalden,10,Stiftung,0,0.0524861878453039,0.0369774545478922,10.6288840873116,3032,0.8437,0.381,17994
7,Nidwalden,11,Ausländische Niederlassung im Handelsregister eingetragen,0.4,6.75,0.0369774545478922,10.6288840873116,3032,0.8437,0.381,17994
7,Nidwalden,12,Ausländische Niederlassung nicht im Handelsregister eingetragen,,,0.0369774545478922,10.6288840873116,3032,0.8437,0.381,17994
7,Nidwalden,17,Institut des öffentlichen Rechts,,0.0268199233716475,0.0369774545478922,10.6288840873116,3032,0.8437,0.381,17994
7,Nidwalden,20,Bundesverwaltung,,,0.0369774545478922,10.6288840873116,3032,0.8437,0.381,17994
7,Nidwalden,21,Kantonsverwaltung,,0.121813031161473,0.0369774545478922,10.6288840873116,3032,0.8437,0.381,17994
7,Nidwalden,22,Verwaltung des Bezirks,,,0.0369774545478922,10.6288840873116,3032,0.8437,0.381,17994
7,Nidwalden,23,Verwaltung der Gemeinde,0,0.465408805031447,0.0369774545478922,10.6288840873116,3032,0.8437,0.381,17994
7,Nidwalden,24,Öffentliche Verwaltung einer Körperschaft,-0.0454545454545455,-0.106498194945848,0.0369774545478922,10.6288840873116,3032,0.8437,0.381,17994
7,Nidwalden,31,Öffentliches Unternehmen des Kantons,0,0.187380497131931,0.0369774545478922,10.6288840873116,3032,0.8437,0.381,17994
7,Nidwalden,32,Öffentliches Unternehmen des Bezirks,,,0.0369774545478922,10.6288840873116,3032,0.8437,0.381,17994
7,Nidwalden,33,EinzelfirmaÖffentliches Unternehmen der Gemeinde,,-0.176470588235294,0.0369774545478922,10.6288840873116,3032,0.8437,0.381,17994
7,Nidwalden,34,Öffentliches Unternehmen einer Körperschaft,,,0.0369774545478922,10.6288840873116,3032,0.8437,0.381,17994
8,Glarus,1,Einzelfirma,-0.0367647058823529,-0.0801080108010801,0.0789154069935641,10.5768656052388,2611,0.8249,0.489,17035
8,Glarus,2,Einfache Gesellschaft,-0.287671232876712,-0.215311004784689,0.0789154069935641,10.5768656052388,2611,0.8249,0.489,17035
8,Glarus,3,Kollektivgesellschaft,-0.225806451612903,-0.0754716981132076,0.0789154069935641,10.5768656052388,2611,0.8249,0.489,17035
8,Glarus,4,Kommanditgesellschaft,,0.138461538461538,0.0789154069935641,10.5768656052388,2611,0.8249,0.489,17035
8,Glarus,5,Kommanditaktiengesellschaft,,,0.0789154069935641,10.5768656052388,2611,0.8249,0.489,17035
8,Glarus,6,Aktiengesellschaft (AG),0.00764525993883792,0.0250370919881306,0.0789154069935641,10.5768656052388,2611,0.8249,0.489,17035
8,Glarus,7,Gesellschaft mit beschränkter Haftung (GmbH),0.289473684210526,0.163129973474801,0.0789154069935641,10.5768656052388,2611,0.8249,0.489,17035
8,Glarus,8,Genossenschaft,-0.129032258064516,0.0307167235494881,0.0789154069935641,10.5768656052388,2611,0.8249,0.489,17035
8,Glarus,9,Verein,0.0078125,0.0625,0.0789154069935641,10.5768656052388,2611,0.8249,0.489,17035
8,Glarus,10,Stiftung,0.125,-0.092948717948718,0.0789154069935641,10.5768656052388,2611,0.8249,0.489,17035
8,Glarus,11,Ausländische Niederlassung im Handelsregister eingetragen,,,0.0789154069935641,10.5768656052388,2611,0.8249,0.489,17035
8,Glarus,12,Ausländische Niederlassung nicht im Handelsregister eingetragen,,,0.0789154069935641,10.5768656052388,2611,0.8249,0.489,17035
8,Glarus,17,Institut des öffentlichen Rechts,0.333333333333333,0.393673110720562,0.0789154069935641,10.5768656052388,2611,0.8249,0.489,17035
8,Glarus,20,Bundesverwaltung,,,0.0789154069935641,10.5768656052388,2611,0.8249,0.489,17035
8,Glarus,21,Kantonsverwaltung,,0.293245469522241,0.0789154069935641,10.5768656052388,2611,0.8249,0.489,17035
8,Glarus,22,Verwaltung des Bezirks,,,0.0789154069935641,10.5768656052388,2611,0.8249,0.489,17035
8,Glarus,23,Verwaltung der Gemeinde,,-0.188735177865613,0.0789154069935641,10.5768656052388,2611,0.8249,0.489,17035
8,Glarus,24,Öffentliche Verwaltung einer Körperschaft,0.375,0.885593220338983,0.0789154069935641,10.5768656052388,2611,0.8249,0.489,17035
8,Glarus,31,Öffentliches Unternehmen des Kantons,,-0.387096774193548,0.0789154069935641,10.5768656052388,2611,0.8249,0.489,17035
8,Glarus,32,Öffentliches Unternehmen des Bezirks,,,0.0789154069935641,10.5768656052388,2611,0.8249,0.489,17035
8,Glarus,33,EinzelfirmaÖffentliches Unternehmen der Gemeinde,,-0.353846153846154,0.0789154069935641,10.5768656052388,2611,0.8249,0.489,17035
8,Glarus,34,Öffentliches Unternehmen einer Körperschaft,,0.146341463414634,0.0789154069935641,10.5768656052388,2611,0.8249,0.489,17035
9,Zug,1,Einzelfirma,0.0115654688145394,-0.0810112036771043,0.104734659498783,11.6535913464954,17799,0.8229,0.342,50052
9,Zug,2,Einfache Gesellschaft,-0.175757575757576,-0.147011308562197,0.104734659498783,11.6535913464954,17799,0.8229,0.342,50052
9,Zug,3,Kollektivgesellschaft,-0.239669421487603,-0.35823754789272,0.104734659498783,11.6535913464954,17799,0.8229,0.342,50052
9,Zug,4,Kommanditgesellschaft,-0.325581395348837,-0.495049504950495,0.104734659498783,11.6535913464954,17799,0.8229,0.342,50052
9,Zug,5,Kommanditaktiengesellschaft,,,0.104734659498783,11.6535913464954,17799,0.8229,0.342,50052
9,Zug,6,Aktiengesellschaft (AG),-0.00969328703703704,0.110892825250442,0.104734659498783,11.6535913464954,17799,0.8229,0.342,50052
9,Zug,7,Gesellschaft mit beschränkter Haftung (GmbH),0.226728110599078,0.267237163814181,0.104734659498783,11.6535913464954,17799,0.8229,0.342,50052
9,Zug,8,Genossenschaft,0,-0.0917553191489362,0.104734659498783,11.6535913464954,17799,0.8229,0.342,50052
9,Zug,9,Verein,0.154761904761905,0.0998805256869773,0.104734659498783,11.6535913464954,17799,0.8229,0.342,50052
9,Zug,10,Stiftung,0.0952380952380952,0.100246913580247,0.104734659498783,11.6535913464954,17799,0.8229,0.342,50052
9,Zug,11,Ausländische Niederlassung im Handelsregister eingetragen,0.178294573643411,0.274532710280374,0.104734659498783,11.6535913464954,17799,0.8229,0.342,50052
9,Zug,12,Ausländische Niederlassung nicht im Handelsregister eingetragen,-0.454545454545455,-0.333333333333333,0.104734659498783,11.6535913464954,17799,0.8229,0.342,50052
9,Zug,17,Institut des öffentlichen Rechts,,0.0459518599562363,0.104734659498783,11.6535913464954,17799,0.8229,0.342,50052
9,Zug,20,Bundesverwaltung,,,0.104734659498783,11.6535913464954,17799,0.8229,0.342,50052
9,Zug,21,Kantonsverwaltung,,0.0320562939796716,0.104734659498783,11.6535913464954,17799,0.8229,0.342,50052
9,Zug,22,Verwaltung des Bezirks,,,0.104734659498783,11.6535913464954,17799,0.8229,0.342,50052
9,Zug,23,Verwaltung der Gemeinde,0,0.013953488372093,0.104734659498783,11.6535913464954,17799,0.8229,0.342,50052
9,Zug,24,Öffentliche Verwaltung einer Körperschaft,0.0476190476190476,1.82352941176471,0.104734659498783,11.6535913464954,17799,0.8229,0.342,50052
9,Zug,31,Öffentliches Unternehmen des Kantons,,0.398601398601399,0.104734659498783,11.6535913464954,17799,0.8229,0.342,50052
9,Zug,32,Öffentliches Unternehmen des Bezirks,,,0.104734659498783,11.6535913464954,17799,0.8229,0.342,50052
9,Zug,33,EinzelfirmaÖffentliches Unternehmen der Gemeinde,-0.2,-0.158904109589041,0.104734659498783,11.6535913464954,17799,0.8229,0.342,50052
9,Zug,34,Öffentliches Unternehmen einer Körperschaft,,2.52173913043478,0.104734659498783,11.6535913464954,17799,0.8229,0.342,50052
10,Fribourg / Freiburg,1,Einzelfirma,0.043178730836406,-0.0411293606624135,0.0679656713841028,12.5590788679324,27409,0.8098,0.438,116441
10,Fribourg / Freiburg,2,Einfache Gesellschaft,-0.120576671035387,-0.0177056436739211,0.0679656713841028,12.5590788679324,27409,0.8098,0.438,116441
10,Fribourg / Freiburg,3,Kollektivgesellschaft,-0.174887892376682,-0.187035069075452,0.0679656713841028,12.5590788679324,27409,0.8098,0.438,116441
10,Fribourg / Freiburg,4,Kommanditgesellschaft,-0.25,-0.4,0.0679656713841028,12.5590788679324,27409,0.8098,0.438,116441
10,Fribourg / Freiburg,5,Kommanditaktiengesellschaft,,-0.136363636363636,0.0679656713841028,12.5590788679324,27409,0.8098,0.438,116441
10,Fribourg / Freiburg,6,Aktiengesellschaft (AG),0.0394483643361129,0.0622950819672131,0.0679656713841028,12.5590788679324,27409,0.8098,0.438,116441
10,Fribourg / Freiburg,7,Gesellschaft mit beschränkter Haftung (GmbH),0.273097273097273,0.234778251064896,0.0679656713841028,12.5590788679324,27409,0.8098,0.438,116441
10,Fribourg / Freiburg,8,Genossenschaft,-0.156521739130435,0.0486763450042699,0.0679656713841028,12.5590788679324,27409,0.8098,0.438,116441
10,Fribourg / Freiburg,9,Verein,0.0703448275862069,-0.0118105126541207,0.0679656713841028,12.5590788679324,27409,0.8098,0.438,116441
10,Fribourg / Freiburg,10,Stiftung,-0.025,0.136134453781513,0.0679656713841028,12.5590788679324,27409,0.8098,0.438,116441
10,Fribourg / Freiburg,11,Ausländische Niederlassung im Handelsregister eingetragen,-0.45,0.0712074303405573,0.0679656713841028,12.5590788679324,27409,0.8098,0.438,116441
10,Fribourg / Freiburg,12,Ausländische Niederlassung nicht im Handelsregister eingetragen,,,0.0679656713841028,12.5590788679324,27409,0.8098,0.438,116441
10,Fribourg / Freiburg,17,Institut des öffentlichen Rechts,0,0.0244328097731239,0.0679656713841028,12.5590788679324,27409,0.8098,0.438,116441
10,Fribourg / Freiburg,20,Bundesverwaltung,,,0.0679656713841028,12.5590788679324,27409,0.8098,0.438,116441
10,Fribourg / Freiburg,21,Kantonsverwaltung,,0.0799237424842352,0.0679656713841028,12.5590788679324,27409,0.8098,0.438,116441
10,Fribourg / Freiburg,22,Verwaltung des Bezirks,,,0.0679656713841028,12.5590788679324,27409,0.8098,0.438,116441
10,Fribourg / Freiburg,23,Verwaltung der Gemeinde,-0.107142857142857,0.233745512564819,0.0679656713841028,12.5590788679324,27409,0.8098,0.438,116441
10,Fribourg / Freiburg,24,Öffentliche Verwaltung einer Körperschaft,0.478260869565217,0.711462450592885,0.0679656713841028,12.5590788679324,27409,0.8098,0.438,116441
10,Fribourg / Freiburg,31,Öffentliches Unternehmen des Kantons,-0.2,0.0798704803022126,0.0679656713841028,12.5590788679324,27409,0.8098,0.438,116441
10,Fribourg / Freiburg,32,Öffentliches Unternehmen des Bezirks,,0.253731343283582,0.0679656713841028,12.5590788679324,27409,0.8098,0.438,116441
10,Fribourg / Freiburg,33,EinzelfirmaÖffentliches Unternehmen der Gemeinde,-0.5,-0.227651966626937,0.0679656713841028,12.5590788679324,27409,0.8098,0.438,116441
10,Fribourg / Freiburg,34,Öffentliches Unternehmen einer Körperschaft,-0.2,0.435507246376812,0.0679656713841028,12.5590788679324,27409,0.8098,0.438,116441
11,Solothurn,1,Einzelfirma,-0.0169784795068671,-0.116410873708496,0.0656235684143474,12.4567924526145,18437,0.8273,0.487,113597
11,Solothurn,2,Einfache Gesellschaft,-0.158620689655172,-0.0837789661319073,0.0656235684143474,12.4567924526145,18437,0.8273,0.487,113597
11,Solothurn,3,Kollektivgesellschaft,-0.227799227799228,-0.272179155900086,0.0656235684143474,12.4567924526145,18437,0.8273,0.487,113597
11,Solothurn,4,Kommanditgesellschaft,-0.351851851851852,-0.480662983425414,0.0656235684143474,12.4567924526145,18437,0.8273,0.487,113597
11,Solothurn,5,Kommanditaktiengesellschaft,,,0.0656235684143474,12.4567924526145,18437,0.8273,0.487,113597
11,Solothurn,6,Aktiengesellschaft (AG),0.0784780023781213,0.0462763437409258,0.0656235684143474,12.4567924526145,18437,0.8273,0.487,113597
11,Solothurn,7,Gesellschaft mit beschränkter Haftung (GmbH),0.244993013507219,0.345895762478169,0.0656235684143474,12.4567924526145,18437,0.8273,0.487,113597
11,Solothurn,8,Genossenschaft,-0.0967741935483871,0.0269683818970862,0.0656235684143474,12.4567924526145,18437,0.8273,0.487,113597
11,Solothurn,9,Verein,0.0663265306122449,0.0535378382289104,0.0656235684143474,12.4567924526145,18437,0.8273,0.487,113597
11,Solothurn,10,Stiftung,0.113636363636364,0.159156279961649,0.0656235684143474,12.4567924526145,18437,0.8273,0.487,113597
11,Solothurn,11,Ausländische Niederlassung im Handelsregister eingetragen,-0.0526315789473684,3.27848101265823,0.0656235684143474,12.4567924526145,18437,0.8273,0.487,113597
11,Solothurn,12,Ausländische Niederlassung nicht im Handelsregister eingetragen,,,0.0656235684143474,12.4567924526145,18437,0.8273,0.487,113597
11,Solothurn,17,Institut des öffentlichen Rechts,0.2,0.202429149797571,0.0656235684143474,12.4567924526145,18437,0.8273,0.487,113597
11,Solothurn,20,Bundesverwaltung,,,0.0656235684143474,12.4567924526145,18437,0.8273,0.487,113597
11,Solothurn,21,Kantonsverwaltung,,0.0881557598702001,0.0656235684143474,12.4567924526145,18437,0.8273,0.487,113597
11,Solothurn,22,Verwaltung des Bezirks,,,0.0656235684143474,12.4567924526145,18437,0.8273,0.487,113597
11,Solothurn,23,Verwaltung der Gemeinde,-0.0991735537190083,0.0582415111310996,0.0656235684143474,12.4567924526145,18437,0.8273,0.487,113597
11,Solothurn,24,Öffentliche Verwaltung einer Körperschaft,0.511627906976744,0.14240170031881,0.0656235684143474,12.4567924526145,18437,0.8273,0.487,113597
11,Solothurn,31,Öffentliches Unternehmen des Kantons,-0.333333333333333,-0.110894941634241,0.0656235684143474,12.4567924526145,18437,0.8273,0.487,113597
11,Solothurn,32,Öffentliches Unternehmen des Bezirks,,,0.0656235684143474,12.4567924526145,18437,0.8273,0.487,113597
11,Solothurn,33,EinzelfirmaÖffentliches Unternehmen der Gemeinde,,0,0.0656235684143474,12.4567924526145,18437,0.8273,0.487,113597
11,Solothurn,34,Öffentliches Unternehmen einer Körperschaft,-0.696969696969697,0.678651685393258,0.0656235684143474,12.4567924526145,18437,0.8273,0.487,113597
12,Basel-Stadt,1,Einzelfirma,0.0784443854526148,-0.0150143519540737,0.0841082301517134,12.1348719815191,36717,0.7795,0.149,95254
12,Basel-Stadt,2,Einfache Gesellschaft,-0.263598326359833,-0.220011702750146,0.0841082301517134,12.1348719815191,36717,0.7795,0.149,95254
12,Basel-Stadt,3,Kollektivgesellschaft,-0.134199134199134,-0.00348837209302326,0.0841082301517134,12.1348719815191,36717,0.7795,0.149,95254
12,Basel-Stadt,4,Kommanditgesellschaft,-0.321428571428571,-0.459584295612009,0.0841082301517134,12.1348719815191,36717,0.7795,0.149,95254
12,Basel-Stadt,5,Kommanditaktiengesellschaft,,,0.0841082301517134,12.1348719815191,36717,0.7795,0.149,95254
12,Basel-Stadt,6,Aktiengesellschaft (AG),-0.0469973890339426,0.0411658681061889,0.0841082301517134,12.1348719815191,36717,0.7795,0.149,95254
12,Basel-Stadt,7,Gesellschaft mit beschränkter Haftung (GmbH),0.236388384754991,-0.00286279053915888,0.0841082301517134,12.1348719815191,36717,0.7795,0.149,95254
12,Basel-Stadt,8,Genossenschaft,0.0303030303030303,0.00356182641266631,0.0841082301517134,12.1348719815191,36717,0.7795,0.149,95254
12,Basel-Stadt,9,Verein,0.12784588441331,0.138678894534639,0.0841082301517134,12.1348719815191,36717,0.7795,0.149,95254
12,Basel-Stadt,10,Stiftung,-0.0211864406779661,0.0442079410560786,0.0841082301517134,12.1348719815191,36717,0.7795,0.149,95254
12,Basel-Stadt,11,Ausländische Niederlassung im Handelsregister eingetragen,0.111111111111111,-0.241645244215938,0.0841082301517134,12.1348719815191,36717,0.7795,0.149,95254
12,Basel-Stadt,12,Ausländische Niederlassung nicht im Handelsregister eingetragen,-0.153846153846154,5.59154929577465,0.0841082301517134,12.1348719815191,36717,0.7795,0.149,95254
12,Basel-Stadt,17,Institut des öffentlichen Rechts,0.111111111111111,0.0947358596229233,0.0841082301517134,12.1348719815191,36717,0.7795,0.149,95254
12,Basel-Stadt,20,Bundesverwaltung,,,0.0841082301517134,12.1348719815191,36717,0.7795,0.149,95254
12,Basel-Stadt,21,Kantonsverwaltung,,0.099583182312432,0.0841082301517134,12.1348719815191,36717,0.7795,0.149,95254
12,Basel-Stadt,22,Verwaltung des Bezirks,,,0.0841082301517134,12.1348719815191,36717,0.7795,0.149,95254
12,Basel-Stadt,23,Verwaltung der Gemeinde,,0.96816976127321,0.0841082301517134,12.1348719815191,36717,0.7795,0.149,95254
12,Basel-Stadt,24,Öffentliche Verwaltung einer Körperschaft,-0.142857142857143,-0.193435897435897,0.0841082301517134,12.1348719815191,36717,0.7795,0.149,95254
12,Basel-Stadt,31,Öffentliches Unternehmen des Kantons,,0.163467902051621,0.0841082301517134,12.1348719815191,36717,0.7795,0.149,95254
12,Basel-Stadt,32,Öffentliches Unternehmen des Bezirks,,,0.0841082301517134,12.1348719815191,36717,0.7795,0.149,95254
12,Basel-Stadt,33,EinzelfirmaÖffentliches Unternehmen der Gemeinde,,,0.0841082301517134,12.1348719815191,36717,0.7795,0.149,95254
12,Basel-Stadt,34,Öffentliches Unternehmen einer Körperschaft,,0.244224422442244,0.0841082301517134,12.1348719815191,36717,0.7795,0.149,95254
13,Basel-Landschaft,1,Einzelfirma,0.0475872804091617,-0.0414499260800526,0.0427794695470561,12.5258346114454,30494,0.797,0.451,123521
13,Basel-Landschaft,2,Einfache Gesellschaft,-0.146757679180887,-0.0872246696035242,0.0427794695470561,12.5258346114454,30494,0.797,0.451,123521
13,Basel-Landschaft,3,Kollektivgesellschaft,-0.127118644067797,-0.202913631633715,0.0427794695470561,12.5258346114454,30494,0.797,0.451,123521
13,Basel-Landschaft,4,Kommanditgesellschaft,-0.232558139534884,-0.197452229299363,0.0427794695470561,12.5258346114454,30494,0.797,0.451,123521
13,Basel-Landschaft,5,Kommanditaktiengesellschaft,,,0.0427794695470561,12.5258346114454,30494,0.797,0.451,123521
13,Basel-Landschaft,6,Aktiengesellschaft (AG),0.0354586857514639,-0.0368583693387586,0.0427794695470561,12.5258346114454,30494,0.797,0.451,123521
13,Basel-Landschaft,7,Gesellschaft mit beschränkter Haftung (GmbH),0.301535974130962,0.287677114641477,0.0427794695470561,12.5258346114454,30494,0.797,0.451,123521
13,Basel-Landschaft,8,Genossenschaft,-0.104347826086957,0.0216563541170871,0.0427794695470561,12.5258346114454,30494,0.797,0.451,123521
13,Basel-Landschaft,9,Verein,0.0825688073394496,-0.00460201124936083,0.0427794695470561,12.5258346114454,30494,0.797,0.451,123521
13,Basel-Landschaft,10,Stiftung,0.0186915887850467,0.191608139744282,0.0427794695470561,12.5258346114454,30494,0.797,0.451,123521
13,Basel-Landschaft,11,Ausländische Niederlassung im Handelsregister eingetragen,0.296296296296296,-0.0254777070063694,0.0427794695470561,12.5258346114454,30494,0.797,0.451,123521
13,Basel-Landschaft,12,Ausländische Niederlassung nicht im Handelsregister eingetragen,-0.333333333333333,-0.192307692307692,0.0427794695470561,12.5258346114454,30494,0.797,0.451,123521
13,Basel-Landschaft,17,Institut des öffentlichen Rechts,0,-0.0103847463398025,0.0427794695470561,12.5258346114454,30494,0.797,0.451,123521
13,Basel-Landschaft,20,Bundesverwaltung,,,0.0427794695470561,12.5258346114454,30494,0.797,0.451,123521
13,Basel-Landschaft,21,Kantonsverwaltung,,0.0403619478509346,0.0427794695470561,12.5258346114454,30494,0.797,0.451,123521
13,Basel-Landschaft,22,Verwaltung des Bezirks,,,0.0427794695470561,12.5258346114454,30494,0.797,0.451,123521
13,Basel-Landschaft,23,Verwaltung der Gemeinde,-0.0117647058823529,0.155086848635236,0.0427794695470561,12.5258346114454,30494,0.797,0.451,123521
13,Basel-Landschaft,24,Öffentliche Verwaltung einer Körperschaft,1.1025641025641,0.221948212083847,0.0427794695470561,12.5258346114454,30494,0.797,0.451,123521
13,Basel-Landschaft,31,Öffentliches Unternehmen des Kantons,,0.542372881355932,0.0427794695470561,12.5258346114454,30494,0.797,0.451,123521
13,Basel-Landschaft,32,Öffentliches Unternehmen des Bezirks,,,0.0427794695470561,12.5258346114454,30494,0.797,0.451,123521
13,Basel-Landschaft,33,EinzelfirmaÖffentliches Unternehmen der Gemeinde,,-0.75,0.0427794695470561,12.5258346114454,30494,0.797,0.451,123521
13,Basel-Landschaft,34,Öffentliches Unternehmen einer Körperschaft,-1,-1,0.0427794695470561,12.5258346114454,30494,0.797,0.451,123521
14,Schaffhausen,1,Einzelfirma,-0.00679431747992588,-0.0787300683371298,0.0601979276425503,11.2533642682351,6765,0.8181,0.448,34780
14,Schaffhausen,2,Einfache Gesellschaft,-0.227272727272727,-0.258278145695364,0.0601979276425503,11.2533642682351,6765,0.8181,0.448,34780
14,Schaffhausen,3,Kollektivgesellschaft,-0.144736842105263,-0.292134831460674,0.0601979276425503,11.2533642682351,6765,0.8181,0.448,34780
14,Schaffhausen,4,Kommanditgesellschaft,-0.214285714285714,-0.696629213483146,0.0601979276425503,11.2533642682351,6765,0.8181,0.448,34780
14,Schaffhausen,5,Kommanditaktiengesellschaft,,,0.0601979276425503,11.2533642682351,6765,0.8181,0.448,34780
14,Schaffhausen,6,Aktiengesellschaft (AG),0.0114583333333333,0.0372263197630524,0.0601979276425503,11.2533642682351,6765,0.8181,0.448,34780
14,Schaffhausen,7,Gesellschaft mit beschränkter Haftung (GmbH),0.224969097651422,0.236351677263758,0.0601979276425503,11.2533642682351,6765,0.8181,0.448,34780
14,Schaffhausen,8,Genossenschaft,-0.0816326530612245,0.0608695652173913,0.0601979276425503,11.2533642682351,6765,0.8181,0.448,34780
14,Schaffhausen,9,Verein,0.0932642487046632,-0.00589970501474926,0.0601979276425503,11.2533642682351,6765,0.8181,0.448,34780
14,Schaffhausen,10,Stiftung,-0.04,0.0958408679927667,0.0601979276425503,11.2533642682351,6765,0.8181,0.448,34780
14,Schaffhausen,11,Ausländische Niederlassung im Handelsregister eingetragen,-0.075,-0.484013230429989,0.0601979276425503,11.2533642682351,6765,0.8181,0.448,34780
14,Schaffhausen,12,Ausländische Niederlassung nicht im Handelsregister eingetragen,,,0.0601979276425503,11.2533642682351,6765,0.8181,0.448,34780
14,Schaffhausen,17,Institut des öffentlichen Rechts,,0.131832797427653,0.0601979276425503,11.2533642682351,6765,0.8181,0.448,34780
14,Schaffhausen,20,Bundesverwaltung,,,0.0601979276425503,11.2533642682351,6765,0.8181,0.448,34780
14,Schaffhausen,21,Kantonsverwaltung,,0.104185623293904,0.0601979276425503,11.2533642682351,6765,0.8181,0.448,34780
14,Schaffhausen,22,Verwaltung des Bezirks,,,0.0601979276425503,11.2533642682351,6765,0.8181,0.448,34780
14,Schaffhausen,23,Verwaltung der Gemeinde,-0.161290322580645,0.0552536231884058,0.0601979276425503,11.2533642682351,6765,0.8181,0.448,34780
14,Schaffhausen,24,Öffentliche Verwaltung einer Körperschaft,0.111111111111111,2.74242424242424,0.0601979276425503,11.2533642682351,6765,0.8181,0.448,34780
14,Schaffhausen,31,Öffentliches Unternehmen des Kantons,,0.0331210191082803,0.0601979276425503,11.2533642682351,6765,0.8181,0.448,34780
14,Schaffhausen,32,Öffentliches Unternehmen des Bezirks,,Inf,0.0601979276425503,11.2533642682351,6765,0.8181,0.448,34780
14,Schaffhausen,33,EinzelfirmaÖffentliches Unternehmen der Gemeinde,0.0769230769230769,0.088109495295124,0.0601979276425503,11.2533642682351,6765,0.8181,0.448,34780
14,Schaffhausen,34,Öffentliches Unternehmen einer Körperschaft,,-0.0492610837438424,0.0601979276425503,11.2533642682351,6765,0.8181,0.448,34780
15,Appenzell Ausserrhoden,1,Einzelfirma,0.00495238095238095,-0.061124213836478,0.0494074517591694,10.8839354828536,3888,0.8183,0.485,22525
15,Appenzell Ausserrhoden,2,Einfache Gesellschaft,-0.255813953488372,-0.40327868852459,0.0494074517591694,10.8839354828536,3888,0.8183,0.485,22525
15,Appenzell Ausserrhoden,3,Kollektivgesellschaft,-0.212121212121212,-0.138211382113821,0.0494074517591694,10.8839354828536,3888,0.8183,0.485,22525
15,Appenzell Ausserrhoden,4,Kommanditgesellschaft,,-0.416666666666667,0.0494074517591694,10.8839354828536,3888,0.8183,0.485,22525
15,Appenzell Ausserrhoden,5,Kommanditaktiengesellschaft,,,0.0494074517591694,10.8839354828536,3888,0.8183,0.485,22525
15,Appenzell Ausserrhoden,6,Aktiengesellschaft (AG),0.136204889406286,0.0548973143759874,0.0494074517591694,10.8839354828536,3888,0.8183,0.485,22525
15,Appenzell Ausserrhoden,7,Gesellschaft mit beschränkter Haftung (GmbH),0.22644376899696,0.259549461312439,0.0494074517591694,10.8839354828536,3888,0.8183,0.485,22525
15,Appenzell Ausserrhoden,8,Genossenschaft,-0.24,0.0642570281124498,0.0494074517591694,10.8839354828536,3888,0.8183,0.485,22525
15,Appenzell Ausserrhoden,9,Verein,0.112,0.124448367166814,0.0494074517591694,10.8839354828536,3888,0.8183,0.485,22525
15,Appenzell Ausserrhoden,10,Stiftung,0.0689655172413793,0.0645724258289703,0.0494074517591694,10.8839354828536,3888,0.8183,0.485,22525
15,Appenzell Ausserrhoden,11,Ausländische Niederlassung im Handelsregister eingetragen,0.2,0.166666666666667,0.0494074517591694,10.8839354828536,3888,0.8183,0.485,22525
15,Appenzell Ausserrhoden,12,Ausländische Niederlassung nicht im Handelsregister eingetragen,,,0.0494074517591694,10.8839354828536,3888,0.8183,0.485,22525
15,Appenzell Ausserrhoden,17,Institut des öffentlichen Rechts,,0.13160621761658,0.0494074517591694,10.8839354828536,3888,0.8183,0.485,22525
15,Appenzell Ausserrhoden,20,Bundesverwaltung,,,0.0494074517591694,10.8839354828536,3888,0.8183,0.485,22525
15,Appenzell Ausserrhoden,21,Kantonsverwaltung,,0.269647696476965,0.0494074517591694,10.8839354828536,3888,0.8183,0.485,22525
15,Appenzell Ausserrhoden,22,Verwaltung des Bezirks,,,0.0494074517591694,10.8839354828536,3888,0.8183,0.485,22525
15,Appenzell Ausserrhoden,23,Verwaltung der Gemeinde,0,-0.0342298288508557,0.0494074517591694,10.8839354828536,3888,0.8183,0.485,22525
15,Appenzell Ausserrhoden,24,Öffentliche Verwaltung einer Körperschaft,0.2,0.468354430379747,0.0494074517591694,10.8839354828536,3888,0.8183,0.485,22525
15,Appenzell Ausserrhoden,31,Öffentliches Unternehmen des Kantons,,0.708333333333333,0.0494074517591694,10.8839354828536,3888,0.8183,0.485,22525
15,Appenzell Ausserrhoden,32,Öffentliches Unternehmen des Bezirks,,,0.0494074517591694,10.8839354828536,3888,0.8183,0.485,22525
15,Appenzell Ausserrhoden,33,EinzelfirmaÖffentliches Unternehmen der Gemeinde,0.0769230769230769,0.304812834224599,0.0494074517591694,10.8839354828536,3888,0.8183,0.485,22525
15,Appenzell Ausserrhoden,34,Öffentliches Unternehmen einer Körperschaft,0,0.0634920634920635,0.0494074517591694,10.8839354828536,3888,0.8183,0.485,22525
16,Appenzell Innerrhoden,1,Einzelfirma,-0.041123370110331,-0.0862944162436548,0.0385933246917174,9.66415110101463,827,0.8431,0.506,6337
16,Appenzell Innerrhoden,2,Einfache Gesellschaft,0,0.346938775510204,0.0385933246917174,9.66415110101463,827,0.8431,0.506,6337
16,Appenzell Innerrhoden,3,Kollektivgesellschaft,-0.285714285714286,-0.51063829787234,0.0385933246917174,9.66415110101463,827,0.8431,0.506,6337
16,Appenzell Innerrhoden,4,Kommanditgesellschaft,,,0.0385933246917174,9.66415110101463,827,0.8431,0.506,6337
16,Appenzell Innerrhoden,5,Kommanditaktiengesellschaft,,,0.0385933246917174,9.66415110101463,827,0.8431,0.506,6337
16,Appenzell Innerrhoden,6,Aktiengesellschaft (AG),0.066193853427896,0.128288581502577,0.0385933246917174,9.66415110101463,827,0.8431,0.506,6337
16,Appenzell Innerrhoden,7,Gesellschaft mit beschränkter Haftung (GmbH),0.46,0.525150905432596,0.0385933246917174,9.66415110101463,827,0.8431,0.506,6337
16,Appenzell Innerrhoden,8,Genossenschaft,-0.142857142857143,-0.0714285714285714,0.0385933246917174,9.66415110101463,827,0.8431,0.506,6337
16,Appenzell Innerrhoden,9,Verein,0.113636363636364,0.20377358490566,0.0385933246917174,9.66415110101463,827,0.8431,0.506,6337
16,Appenzell Innerrhoden,10,Stiftung,0.6,0.087378640776699,0.0385933246917174,9.66415110101463,827,0.8431,0.506,6337
16,Appenzell Innerrhoden,11,Ausländische Niederlassung im Handelsregister eingetragen,,0,0.0385933246917174,9.66415110101463,827,0.8431,0.506,6337
16,Appenzell Innerrhoden,12,Ausländische Niederlassung nicht im Handelsregister eingetragen,,0.216417910447761,0.0385933246917174,9.66415110101463,827,0.8431,0.506,6337
16,Appenzell Innerrhoden,17,Institut des öffentlichen Rechts,,0.0396039603960396,0.0385933246917174,9.66415110101463,827,0.8431,0.506,6337
16,Appenzell Innerrhoden,20,Bundesverwaltung,,,0.0385933246917174,9.66415110101463,827,0.8431,0.506,6337
16,Appenzell Innerrhoden,21,Kantonsverwaltung,,-0.0753012048192771,0.0385933246917174,9.66415110101463,827,0.8431,0.506,6337
16,Appenzell Innerrhoden,22,Verwaltung des Bezirks,-0.166666666666667,-0.238095238095238,0.0385933246917174,9.66415110101463,827,0.8431,0.506,6337
16,Appenzell Innerrhoden,23,Verwaltung der Gemeinde,,,0.0385933246917174,9.66415110101463,827,0.8431,0.506,6337
16,Appenzell Innerrhoden,24,Öffentliche Verwaltung einer Körperschaft,0.266666666666667,0.172566371681416,0.0385933246917174,9.66415110101463,827,0.8431,0.506,6337
16,Appenzell Innerrhoden,31,Öffentliches Unternehmen des Kantons,,0.146825396825397,0.0385933246917174,9.66415110101463,827,0.8431,0.506,6337
16,Appenzell Innerrhoden,32,Öffentliches Unternehmen des Bezirks,,-0.037037037037037,0.0385933246917174,9.66415110101463,827,0.8431,0.506,6337
16,Appenzell Innerrhoden,33,EinzelfirmaÖffentliches Unternehmen der Gemeinde,,,0.0385933246917174,9.66415110101463,827,0.8431,0.506,6337
16,Appenzell Innerrhoden,34,Öffentliches Unternehmen einer Körperschaft,,-1,0.0385933246917174,9.66415110101463,827,0.8431,0.506,6337
17,St. Gallen,1,Einzelfirma,-0.00820206409560022,-0.0991297220414165,0.0602270039057771,13.0880948618539,36068,0.8197,0.411,206351
17,St. Gallen,2,Einfache Gesellschaft,-0.130841121495327,-0.183641160949868,0.0602270039057771,13.0880948618539,36068,0.8197,0.411,206351
17,St. Gallen,3,Kollektivgesellschaft,-0.147420147420147,-0.202277294038848,0.0602270039057771,13.0880948618539,36068,0.8197,0.411,206351
17,St. Gallen,4,Kommanditgesellschaft,-0.238095238095238,-0.395348837209302,0.0602270039057771,13.0880948618539,36068,0.8197,0.411,206351
17,St. Gallen,5,Kommanditaktiengesellschaft,,,0.0602270039057771,13.0880948618539,36068,0.8197,0.411,206351
17,St. Gallen,6,Aktiengesellschaft (AG),0.0893584905660377,0.0714280630582542,0.0602270039057771,13.0880948618539,36068,0.8197,0.411,206351
17,St. Gallen,7,Gesellschaft mit beschränkter Haftung (GmbH),0.282197802197802,0.223809747614795,0.0602270039057771,13.0880948618539,36068,0.8197,0.411,206351
17,St. Gallen,8,Genossenschaft,-0.0746887966804979,0.0660461653015637,0.0602270039057771,13.0880948618539,36068,0.8197,0.411,206351
17,St. Gallen,9,Verein,0.055937193326791,0.079156223893066,0.0602270039057771,13.0880948618539,36068,0.8197,0.411,206351
17,St. Gallen,10,Stiftung,0.0606060606060606,0.222772277227723,0.0602270039057771,13.0880948618539,36068,0.8197,0.411,206351
17,St. Gallen,11,Ausländische Niederlassung im Handelsregister eingetragen,0.25,0.330674846625767,0.0602270039057771,13.0880948618539,36068,0.8197,0.411,206351
17,St. Gallen,12,Ausländische Niederlassung nicht im Handelsregister eingetragen,-0.3,-0.474226804123711,0.0602270039057771,13.0880948618539,36068,0.8197,0.411,206351
17,St. Gallen,17,Institut des öffentlichen Rechts,0.375,0.101758401831235,0.0602270039057771,13.0880948618539,36068,0.8197,0.411,206351
17,St. Gallen,20,Bundesverwaltung,,,0.0602270039057771,13.0880948618539,36068,0.8197,0.411,206351
17,St. Gallen,21,Kantonsverwaltung,,0.104993942657154,0.0602270039057771,13.0880948618539,36068,0.8197,0.411,206351
17,St. Gallen,22,Verwaltung des Bezirks,,,0.0602270039057771,13.0880948618539,36068,0.8197,0.411,206351
17,St. Gallen,23,Verwaltung der Gemeinde,-0.104651162790698,0.101253330701668,0.0602270039057771,13.0880948618539,36068,0.8197,0.411,206351
17,St. Gallen,24,Öffentliche Verwaltung einer Körperschaft,0.168478260869565,0.370193401592719,0.0602270039057771,13.0880948618539,36068,0.8197,0.411,206351
17,St. Gallen,31,Öffentliches Unternehmen des Kantons,-0.333333333333333,-0.0278810408921933,0.0602270039057771,13.0880948618539,36068,0.8197,0.411,206351
17,St. Gallen,32,Öffentliches Unternehmen des Bezirks,,,0.0602270039057771,13.0880948618539,36068,0.8197,0.411,206351
17,St. Gallen,33,EinzelfirmaÖffentliches Unternehmen der Gemeinde,-0.0666666666666667,0.122641509433962,0.0602270039057771,13.0880948618539,36068,0.8197,0.411,206351
17,St. Gallen,34,Öffentliches Unternehmen einer Körperschaft,-0.425,-0.120721841941506,0.0602270039057771,13.0880948618539,36068,0.8197,0.411,206351
18,Graubünden / Grigioni / Grischun,1,Einzelfirma,-0.0170899369868245,-0.142360975609756,0.0553634115110368,12.1724538125065,14202,0.8215,0.438,86872
18,Graubünden / Grigioni / Grischun,2,Einfache Gesellschaft,-0.186475409836066,-0.239829993928355,0.0553634115110368,12.1724538125065,14202,0.8215,0.438,86872
18,Graubünden / Grigioni / Grischun,3,Kollektivgesellschaft,-0.350828729281768,-0.461169702780441,0.0553634115110368,12.1724538125065,14202,0.8215,0.438,86872
18,Graubünden / Grigioni / Grischun,4,Kommanditgesellschaft,-0.381818181818182,-0.28110599078341,0.0553634115110368,12.1724538125065,14202,0.8215,0.438,86872
18,Graubünden / Grigioni / Grischun,5,Kommanditaktiengesellschaft,,,0.0553634115110368,12.1724538125065,14202,0.8215,0.438,86872
18,Graubünden / Grigioni / Grischun,6,Aktiengesellschaft (AG),0.131264144843194,0.0728534788095917,0.0553634115110368,12.1724538125065,14202,0.8215,0.438,86872
18,Graubünden / Grigioni / Grischun,7,Gesellschaft mit beschränkter Haftung (GmbH),0.438456420492349,0.407848526492594,0.0553634115110368,12.1724538125065,14202,0.8215,0.438,86872
18,Graubünden / Grigioni / Grischun,8,Genossenschaft,0.0457516339869281,0.00769230769230769,0.0553634115110368,12.1724538125065,14202,0.8215,0.438,86872
18,Graubünden / Grigioni / Grischun,9,Verein,-0.0141843971631206,0.0619834710743802,0.0553634115110368,12.1724538125065,14202,0.8215,0.438,86872
18,Graubünden / Grigioni / Grischun,10,Stiftung,0.05,0.132126956771507,0.0553634115110368,12.1724538125065,14202,0.8215,0.438,86872
18,Graubünden / Grigioni / Grischun,11,Ausländische Niederlassung im Handelsregister eingetragen,0.105263157894737,2.69565217391304,0.0553634115110368,12.1724538125065,14202,0.8215,0.438,86872
18,Graubünden / Grigioni / Grischun,12,Ausländische Niederlassung nicht im Handelsregister eingetragen,,-0.216666666666667,0.0553634115110368,12.1724538125065,14202,0.8215,0.438,86872
18,Graubünden / Grigioni / Grischun,17,Institut des öffentlichen Rechts,0.157894736842105,0.148482892188509,0.0553634115110368,12.1724538125065,14202,0.8215,0.438,86872
18,Graubünden / Grigioni / Grischun,20,Bundesverwaltung,,,0.0553634115110368,12.1724538125065,14202,0.8215,0.438,86872
18,Graubünden / Grigioni / Grischun,21,Kantonsverwaltung,,0.0336109458655562,0.0553634115110368,12.1724538125065,14202,0.8215,0.438,86872
18,Graubünden / Grigioni / Grischun,22,Verwaltung des Bezirks,0,0,0.0553634115110368,12.1724538125065,14202,0.8215,0.438,86872
18,Graubünden / Grigioni / Grischun,23,Verwaltung der Gemeinde,-0.354285714285714,0.0981308411214953,0.0553634115110368,12.1724538125065,14202,0.8215,0.438,86872
18,Graubünden / Grigioni / Grischun,24,Öffentliche Verwaltung einer Körperschaft,-0.232804232804233,0.197784810126582,0.0553634115110368,12.1724538125065,14202,0.8215,0.438,86872
18,Graubünden / Grigioni / Grischun,31,Öffentliches Unternehmen des Kantons,,-0.472727272727273,0.0553634115110368,12.1724538125065,14202,0.8215,0.438,86872
18,Graubünden / Grigioni / Grischun,32,Öffentliches Unternehmen des Bezirks,,0.405797101449275,0.0553634115110368,12.1724538125065,14202,0.8215,0.438,86872
18,Graubünden / Grigioni / Grischun,33,EinzelfirmaÖffentliches Unternehmen der Gemeinde,-0.222222222222222,-0.663101604278075,0.0553634115110368,12.1724538125065,14202,0.8215,0.438,86872
18,Graubünden / Grigioni / Grischun,34,Öffentliches Unternehmen einer Körperschaft,-0.4,-0.273076923076923,0.0553634115110368,12.1724538125065,14202,0.8215,0.438,86872
19,Aargau,1,Einzelfirma,0.0270842721946823,-0.0900918052206287,0.0694971980039242,13.3347258208657,52948,0.8224,0.493,265896
19,Aargau,2,Einfache Gesellschaft,-0.162729658792651,-0.197960618846695,0.0694971980039242,13.3347258208657,52948,0.8224,0.493,265896
19,Aargau,3,Kollektivgesellschaft,-0.185263157894737,-0.221153846153846,0.0694971980039242,13.3347258208657,52948,0.8224,0.493,265896
19,Aargau,4,Kommanditgesellschaft,-0.266666666666667,-0.398009950248756,0.0694971980039242,13.3347258208657,52948,0.8224,0.493,265896
19,Aargau,5,Kommanditaktiengesellschaft,,0.285714285714286,0.0694971980039242,13.3347258208657,52948,0.8224,0.493,265896
19,Aargau,6,Aktiengesellschaft (AG),0.0746825989544436,0.00696945192648915,0.0694971980039242,13.3347258208657,52948,0.8224,0.493,265896
19,Aargau,7,Gesellschaft mit beschränkter Haftung (GmbH),0.277663743235678,0.533491686460808,0.0694971980039242,13.3347258208657,52948,0.8224,0.493,265896
19,Aargau,8,Genossenschaft,-0.0796019900497513,-0.0289608177172061,0.0694971980039242,13.3347258208657,52948,0.8224,0.493,265896
19,Aargau,9,Verein,0.0492063492063492,0.142161775232641,0.0694971980039242,13.3347258208657,52948,0.8224,0.493,265896
19,Aargau,10,Stiftung,0.0522875816993464,0.145446790360418,0.0694971980039242,13.3347258208657,52948,0.8224,0.493,265896
19,Aargau,11,Ausländische Niederlassung im Handelsregister eingetragen,0.363636363636364,0.368421052631579,0.0694971980039242,13.3347258208657,52948,0.8224,0.493,265896
19,Aargau,12,Ausländische Niederlassung nicht im Handelsregister eingetragen,0.111111111111111,0.0434782608695652,0.0694971980039242,13.3347258208657,52948,0.8224,0.493,265896
19,Aargau,17,Institut des öffentlichen Rechts,0,0.0109809663250366,0.0694971980039242,13.3347258208657,52948,0.8224,0.493,265896
19,Aargau,20,Bundesverwaltung,,,0.0694971980039242,13.3347258208657,52948,0.8224,0.493,265896
19,Aargau,21,Kantonsverwaltung,,0.0205709487825357,0.0694971980039242,13.3347258208657,52948,0.8224,0.493,265896
19,Aargau,22,Verwaltung des Bezirks,-0.111111111111111,0.577464788732394,0.0694971980039242,13.3347258208657,52948,0.8224,0.493,265896
19,Aargau,23,Verwaltung der Gemeinde,-0.042654028436019,0.0100574712643678,0.0694971980039242,13.3347258208657,52948,0.8224,0.493,265896
19,Aargau,24,Öffentliche Verwaltung einer Körperschaft,0.538461538461538,0.130376792264088,0.0694971980039242,13.3347258208657,52948,0.8224,0.493,265896
19,Aargau,31,Öffentliches Unternehmen des Kantons,,0.0316027088036117,0.0694971980039242,13.3347258208657,52948,0.8224,0.493,265896
19,Aargau,32,Öffentliches Unternehmen des Bezirks,,,0.0694971980039242,13.3347258208657,52948,0.8224,0.493,265896
19,Aargau,33,EinzelfirmaÖffentliches Unternehmen der Gemeinde,-0.5,-0.558288770053476,0.0694971980039242,13.3347258208657,52948,0.8224,0.493,265896
19,Aargau,34,Öffentliches Unternehmen einer Körperschaft,-0.75,-0.369447453954496,0.0694971980039242,13.3347258208657,52948,0.8224,0.493,265896
20,Thurgau,1,Einzelfirma,-0.0243371212121212,-0.0868864965669238,0.0700951844263176,12.4370772178962,17490,0.823,0.47,106992
20,Thurgau,2,Einfache Gesellschaft,-0.0696864111498258,-0.0396396396396396,0.0700951844263176,12.4370772178962,17490,0.823,0.47,106992
20,Thurgau,3,Kollektivgesellschaft,-0.080188679245283,-0.0982658959537572,0.0700951844263176,12.4370772178962,17490,0.823,0.47,106992
20,Thurgau,4,Kommanditgesellschaft,-0.5,-0.360406091370558,0.0700951844263176,12.4370772178962,17490,0.823,0.47,106992
20,Thurgau,5,Kommanditaktiengesellschaft,,,0.0700951844263176,12.4370772178962,17490,0.823,0.47,106992
20,Thurgau,6,Aktiengesellschaft (AG),0.0839358692235146,0.120216422451363,0.0700951844263176,12.4370772178962,17490,0.823,0.47,106992
20,Thurgau,7,Gesellschaft mit beschränkter Haftung (GmbH),0.24615975422427,0.20818630910374,0.0700951844263176,12.4370772178962,17490,0.823,0.47,106992
20,Thurgau,8,Genossenschaft,-0.0148148148148148,0.105996621621622,0.0700951844263176,12.4370772178962,17490,0.823,0.47,106992
20,Thurgau,9,Verein,0.035031847133758,0.0799473597631189,0.0700951844263176,12.4370772178962,17490,0.823,0.47,106992
20,Thurgau,10,Stiftung,0.0476190476190476,0.0597215985630894,0.0700951844263176,12.4370772178962,17490,0.823,0.47,106992
20,Thurgau,11,Ausländische Niederlassung im Handelsregister eingetragen,-0.19047619047619,-0.795227765726681,0.0700951844263176,12.4370772178962,17490,0.823,0.47,106992
20,Thurgau,12,Ausländische Niederlassung nicht im Handelsregister eingetragen,,-0.714285714285714,0.0700951844263176,12.4370772178962,17490,0.823,0.47,106992
20,Thurgau,17,Institut des öffentlichen Rechts,,0.108998732572877,0.0700951844263176,12.4370772178962,17490,0.823,0.47,106992
20,Thurgau,20,Bundesverwaltung,,,0.0700951844263176,12.4370772178962,17490,0.823,0.47,106992
20,Thurgau,21,Kantonsverwaltung,,-0.0133900106269926,0.0700951844263176,12.4370772178962,17490,0.823,0.47,106992
20,Thurgau,22,Verwaltung des Bezirks,,-0.416666666666667,0.0700951844263176,12.4370772178962,17490,0.823,0.47,106992
20,Thurgau,23,Verwaltung der Gemeinde,-0.0123456790123457,-0.00275027502750275,0.0700951844263176,12.4370772178962,17490,0.823,0.47,106992
20,Thurgau,24,Öffentliche Verwaltung einer Körperschaft,0.165413533834586,0.0975665226290653,0.0700951844263176,12.4370772178962,17490,0.823,0.47,106992
20,Thurgau,31,Öffentliches Unternehmen des Kantons,,0.0666666666666667,0.0700951844263176,12.4370772178962,17490,0.823,0.47,106992
20,Thurgau,32,Öffentliches Unternehmen des Bezirks,,,0.0700951844263176,12.4370772178962,17490,0.823,0.47,106992
20,Thurgau,33,EinzelfirmaÖffentliches Unternehmen der Gemeinde,-0.0909090909090909,0.0581947743467934,0.0700951844263176,12.4370772178962,17490,0.823,0.47,106992
20,Thurgau,34,Öffentliches Unternehmen einer Körperschaft,-0.571428571428571,0.222857142857143,0.0700951844263176,12.4370772178962,17490,0.823,0.47,106992
21,Ticino,1,Einzelfirma,0.193073109419733,0.0788918205804749,0.0692807866342047,12.7276690555629,40299,0.7295,0.382,154748
21,Ticino,2,Einfache Gesellschaft,-0.208571428571429,-0.17421460628315,0.0692807866342047,12.7276690555629,40299,0.7295,0.382,154748
21,Ticino,3,Kollektivgesellschaft,-0.0752941176470588,-0.144284128745838,0.0692807866342047,12.7276690555629,40299,0.7295,0.382,154748
21,Ticino,4,Kommanditgesellschaft,-0.09375,0.17910447761194,0.0692807866342047,12.7276690555629,40299,0.7295,0.382,154748
21,Ticino,5,Kommanditaktiengesellschaft,,,0.0692807866342047,12.7276690555629,40299,0.7295,0.382,154748
21,Ticino,6,Aktiengesellschaft (AG),0.1577651024112,0.0583327294748502,0.0692807866342047,12.7276690555629,40299,0.7295,0.382,154748
21,Ticino,7,Gesellschaft mit beschränkter Haftung (GmbH),0.520185614849188,0.502601775329048,0.0692807866342047,12.7276690555629,40299,0.7295,0.382,154748
21,Ticino,8,Genossenschaft,-0.204819277108434,-0.111038749592966,0.0692807866342047,12.7276690555629,40299,0.7295,0.382,154748
21,Ticino,9,Verein,0.126315789473684,0.106595710369295,0.0692807866342047,12.7276690555629,40299,0.7295,0.382,154748
21,Ticino,10,Stiftung,0.209302325581395,0.231238660729012,0.0692807866342047,12.7276690555629,40299,0.7295,0.382,154748
21,Ticino,11,Ausländische Niederlassung im Handelsregister eingetragen,-0.305084745762712,-0.254282655246253,0.0692807866342047,12.7276690555629,40299,0.7295,0.382,154748
21,Ticino,12,Ausländische Niederlassung nicht im Handelsregister eingetragen,0.166666666666667,0.111111111111111,0.0692807866342047,12.7276690555629,40299,0.7295,0.382,154748
21,Ticino,17,Institut des öffentlichen Rechts,0.166666666666667,0.145685997171146,0.0692807866342047,12.7276690555629,40299,0.7295,0.382,154748
21,Ticino,20,Bundesverwaltung,,,0.0692807866342047,12.7276690555629,40299,0.7295,0.382,154748
21,Ticino,21,Kantonsverwaltung,,0.0936336924583741,0.0692807866342047,12.7276690555629,40299,0.7295,0.382,154748
21,Ticino,22,Verwaltung des Bezirks,,,0.0692807866342047,12.7276690555629,40299,0.7295,0.382,154748
21,Ticino,23,Verwaltung der Gemeinde,-0.171974522292994,0.0627570177006973,0.0692807866342047,12.7276690555629,40299,0.7295,0.382,154748
21,Ticino,24,Öffentliche Verwaltung einer Körperschaft,0.516666666666667,0.56282722513089,0.0692807866342047,12.7276690555629,40299,0.7295,0.382,154748
21,Ticino,31,Öffentliches Unternehmen des Kantons,0,0.195848021934978,0.0692807866342047,12.7276690555629,40299,0.7295,0.382,154748
21,Ticino,32,Öffentliches Unternehmen des Bezirks,,,0.0692807866342047,12.7276690555629,40299,0.7295,0.382,154748
21,Ticino,33,EinzelfirmaÖffentliches Unternehmen der Gemeinde,-0.0625,0.101373446697188,0.0692807866342047,12.7276690555629,40299,0.7295,0.382,154748
21,Ticino,34,Öffentliches Unternehmen einer Körperschaft,-0.526315789473684,-0.0199081163859112,0.0692807866342047,12.7276690555629,40299,0.7295,0.382,154748
22,Vaud,1,Einzelfirma,-0.00213640098603122,-0.0560774362680021,0.0939066212785523,13.4952281558457,112701,0.7838,0.306,321158
22,Vaud,2,Einfache Gesellschaft,-0.180278884462151,-0.241778697001034,0.0939066212785523,13.4952281558457,112701,0.7838,0.306,321158
22,Vaud,3,Kollektivgesellschaft,-0.144578313253012,-0.297926150733435,0.0939066212785523,13.4952281558457,112701,0.7838,0.306,321158
22,Vaud,4,Kommanditgesellschaft,-0.333333333333333,-0.5875,0.0939066212785523,13.4952281558457,112701,0.7838,0.306,321158
22,Vaud,5,Kommanditaktiengesellschaft,,,0.0939066212785523,13.4952281558457,112701,0.7838,0.306,321158
22,Vaud,6,Aktiengesellschaft (AG),0.0685119210742669,0.0504207337596769,0.0939066212785523,13.4952281558457,112701,0.7838,0.306,321158
22,Vaud,7,Gesellschaft mit beschränkter Haftung (GmbH),0.293918398768283,0.2435584486032,0.0939066212785523,13.4952281558457,112701,0.7838,0.306,321158
22,Vaud,8,Genossenschaft,-0.0372340425531915,-0.0677792915531335,0.0939066212785523,13.4952281558457,112701,0.7838,0.306,321158
22,Vaud,9,Verein,0.204395604395604,0.125913533503566,0.0939066212785523,13.4952281558457,112701,0.7838,0.306,321158
22,Vaud,10,Stiftung,0.0471910112359551,0.0616261213933565,0.0939066212785523,13.4952281558457,112701,0.7838,0.306,321158
22,Vaud,11,Ausländische Niederlassung im Handelsregister eingetragen,-0.193548387096774,-0.235930735930736,0.0939066212785523,13.4952281558457,112701,0.7838,0.306,321158
22,Vaud,12,Ausländische Niederlassung nicht im Handelsregister eingetragen,0.117647058823529,-0.0854700854700855,0.0939066212785523,13.4952281558457,112701,0.7838,0.306,321158
22,Vaud,17,Institut des öffentlichen Rechts,0.333333333333333,0.800748129675811,0.0939066212785523,13.4952281558457,112701,0.7838,0.306,321158
22,Vaud,20,Bundesverwaltung,,,0.0939066212785523,13.4952281558457,112701,0.7838,0.306,321158
22,Vaud,21,Kantonsverwaltung,,0.100799802110818,0.0939066212785523,13.4952281558457,112701,0.7838,0.306,321158
22,Vaud,22,Verwaltung des Bezirks,,,0.0939066212785523,13.4952281558457,112701,0.7838,0.306,321158
22,Vaud,23,Verwaltung der Gemeinde,-0.0945558739255014,0.110035965062511,0.0939066212785523,13.4952281558457,112701,0.7838,0.306,321158
22,Vaud,24,Öffentliche Verwaltung einer Körperschaft,0.375,0.267429913400851,0.0939066212785523,13.4952281558457,112701,0.7838,0.306,321158
22,Vaud,31,Öffentliches Unternehmen des Kantons,,0.242095278246206,0.0939066212785523,13.4952281558457,112701,0.7838,0.306,321158
22,Vaud,32,Öffentliches Unternehmen des Bezirks,,,0.0939066212785523,13.4952281558457,112701,0.7838,0.306,321158
22,Vaud,33,EinzelfirmaÖffentliches Unternehmen der Gemeinde,0.0714285714285714,0.368627450980392,0.0939066212785523,13.4952281558457,112701,0.7838,0.306,321158
22,Vaud,34,Öffentliches Unternehmen einer Körperschaft,0,0.921768707482993,0.0939066212785523,13.4952281558457,112701,0.7838,0.306,321158
23,Valais / Wallis,1,Einzelfirma,-0.052624856303487,-0.150746228664827,0.0693282252436035,12.6667264510822,26669,0.7914,0.568,133963
23,Valais / Wallis,2,Einfache Gesellschaft,0.0677966101694915,0.0788135593220339,0.0693282252436035,12.6667264510822,26669,0.7914,0.568,133963
23,Valais / Wallis,3,Kollektivgesellschaft,-0.242160278745645,-0.313690262306863,0.0693282252436035,12.6667264510822,26669,0.7914,0.568,133963
23,Valais / Wallis,4,Kommanditgesellschaft,-0.458333333333333,-0.5678391959799,0.0693282252436035,12.6667264510822,26669,0.7914,0.568,133963
23,Valais / Wallis,5,Kommanditaktiengesellschaft,,,0.0693282252436035,12.6667264510822,26669,0.7914,0.568,133963
23,Valais / Wallis,6,Aktiengesellschaft (AG),0.167973462002413,0.0707461063424865,0.0693282252436035,12.6667264510822,26669,0.7914,0.568,133963
23,Valais / Wallis,7,Gesellschaft mit beschränkter Haftung (GmbH),0.430149447693307,0.355521936459909,0.0693282252436035,12.6667264510822,26669,0.7914,0.568,133963
23,Valais / Wallis,8,Genossenschaft,-0.0851063829787234,-0.0366593164277839,0.0693282252436035,12.6667264510822,26669,0.7914,0.568,133963
23,Valais / Wallis,9,Verein,0.0874848116646416,0.0428991185112635,0.0693282252436035,12.6667264510822,26669,0.7914,0.568,133963
23,Valais / Wallis,10,Stiftung,-0.0140845070422535,0.307678244972578,0.0693282252436035,12.6667264510822,26669,0.7914,0.568,133963
23,Valais / Wallis,11,Ausländische Niederlassung im Handelsregister eingetragen,-0.259259259259259,-0.339130434782609,0.0693282252436035,12.6667264510822,26669,0.7914,0.568,133963
23,Valais / Wallis,12,Ausländische Niederlassung nicht im Handelsregister eingetragen,,,0.0693282252436035,12.6667264510822,26669,0.7914,0.568,133963
23,Valais / Wallis,17,Institut des öffentlichen Rechts,0.25,-0.0297165498323682,0.0693282252436035,12.6667264510822,26669,0.7914,0.568,133963
23,Valais / Wallis,20,Bundesverwaltung,,,0.0693282252436035,12.6667264510822,26669,0.7914,0.568,133963
23,Valais / Wallis,21,Kantonsverwaltung,,-0.0937428896473265,0.0693282252436035,12.6667264510822,26669,0.7914,0.568,133963
23,Valais / Wallis,22,Verwaltung des Bezirks,,,0.0693282252436035,12.6667264510822,26669,0.7914,0.568,133963
23,Valais / Wallis,23,Verwaltung der Gemeinde,-0.0428571428571429,0.127926777352065,0.0693282252436035,12.6667264510822,26669,0.7914,0.568,133963
23,Valais / Wallis,24,Öffentliche Verwaltung einer Körperschaft,0.434210526315789,1.06115107913669,0.0693282252436035,12.6667264510822,26669,0.7914,0.568,133963
23,Valais / Wallis,31,Öffentliches Unternehmen des Kantons,0,0.0326086956521739,0.0693282252436035,12.6667264510822,26669,0.7914,0.568,133963
23,Valais / Wallis,32,Öffentliches Unternehmen des Bezirks,,,0.0693282252436035,12.6667264510822,26669,0.7914,0.568,133963
23,Valais / Wallis,33,EinzelfirmaÖffentliches Unternehmen der Gemeinde,,-0.49746192893401,0.0693282252436035,12.6667264510822,26669,0.7914,0.568,133963
23,Valais / Wallis,34,Öffentliches Unternehmen einer Körperschaft,-0.777777777777778,-0.211618257261411,0.0693282252436035,12.6667264510822,26669,0.7914,0.568,133963
24,Neuchâtel,1,Einzelfirma,-0.0338448890106879,-0.112896551724138,0.0498003928384032,12.0621041178683,18614,0.7894,0.312,77888
24,Neuchâtel,2,Einfache Gesellschaft,-0.13166144200627,-0.118210862619808,0.0498003928384032,12.0621041178683,18614,0.7894,0.312,77888
24,Neuchâtel,3,Kollektivgesellschaft,-0.222222222222222,-0.242246437552389,0.0498003928384032,12.0621041178683,18614,0.7894,0.312,77888
24,Neuchâtel,4,Kommanditgesellschaft,-0.333333333333333,-0.272727272727273,0.0498003928384032,12.0621041178683,18614,0.7894,0.312,77888
24,Neuchâtel,5,Kommanditaktiengesellschaft,,,0.0498003928384032,12.0621041178683,18614,0.7894,0.312,77888
24,Neuchâtel,6,Aktiengesellschaft (AG),0.0506024096385542,0.0266626233408757,0.0498003928384032,12.0621041178683,18614,0.7894,0.312,77888
24,Neuchâtel,7,Gesellschaft mit beschränkter Haftung (GmbH),0.363851617995264,0.199502937189336,0.0498003928384032,12.0621041178683,18614,0.7894,0.312,77888
24,Neuchâtel,8,Genossenschaft,-0.108695652173913,-0.00857249347745061,0.0498003928384032,12.0621041178683,18614,0.7894,0.312,77888
24,Neuchâtel,9,Verein,0.211309523809524,0.362790697674419,0.0498003928384032,12.0621041178683,18614,0.7894,0.312,77888
24,Neuchâtel,10,Stiftung,0,0.0508540372670808,0.0498003928384032,12.0621041178683,18614,0.7894,0.312,77888
24,Neuchâtel,11,Ausländische Niederlassung im Handelsregister eingetragen,-0.454545454545455,-0.22972972972973,0.0498003928384032,12.0621041178683,18614,0.7894,0.312,77888
24,Neuchâtel,12,Ausländische Niederlassung nicht im Handelsregister eingetragen,,,0.0498003928384032,12.0621041178683,18614,0.7894,0.312,77888
24,Neuchâtel,17,Institut des öffentlichen Rechts,,-0.0195694716242661,0.0498003928384032,12.0621041178683,18614,0.7894,0.312,77888
24,Neuchâtel,20,Bundesverwaltung,,,0.0498003928384032,12.0621041178683,18614,0.7894,0.312,77888
24,Neuchâtel,21,Kantonsverwaltung,,0.00135299688810716,0.0498003928384032,12.0621041178683,18614,0.7894,0.312,77888
24,Neuchâtel,22,Verwaltung des Bezirks,,,0.0498003928384032,12.0621041178683,18614,0.7894,0.312,77888
24,Neuchâtel,23,Verwaltung der Gemeinde,-0.368421052631579,0.302709069493522,0.0498003928384032,12.0621041178683,18614,0.7894,0.312,77888
24,Neuchâtel,24,Öffentliche Verwaltung einer Körperschaft,-0.166666666666667,0.353448275862069,0.0498003928384032,12.0621041178683,18614,0.7894,0.312,77888
24,Neuchâtel,31,Öffentliches Unternehmen des Kantons,,0.193723849372385,0.0498003928384032,12.0621041178683,18614,0.7894,0.312,77888
24,Neuchâtel,32,Öffentliches Unternehmen des Bezirks,,,0.0498003928384032,12.0621041178683,18614,0.7894,0.312,77888
24,Neuchâtel,33,EinzelfirmaÖffentliches Unternehmen der Gemeinde,,-0.555555555555556,0.0498003928384032,12.0621041178683,18614,0.7894,0.312,77888
24,Neuchâtel,34,Öffentliches Unternehmen einer Körperschaft,-0.142857142857143,0.109191430545957,0.0498003928384032,12.0621041178683,18614,0.7894,0.312,77888
25,Genève,1,Einzelfirma,0.0582703410511279,-0.0267209993653763,0.0470413583597486,13.0401419647424,89275,0.7502,0.175,192678
25,Genève,2,Einfache Gesellschaft,-0.371080139372822,-0.315905511811024,0.0470413583597486,13.0401419647424,89275,0.7502,0.175,192678
25,Genève,3,Kollektivgesellschaft,-0.234760051880674,-0.406324868231912,0.0470413583597486,13.0401419647424,89275,0.7502,0.175,192678
25,Genève,4,Kommanditgesellschaft,-0.340909090909091,-0.885091072633236,0.0470413583597486,13.0401419647424,89275,0.7502,0.175,192678
25,Genève,5,Kommanditaktiengesellschaft,,,0.0470413583597486,13.0401419647424,89275,0.7502,0.175,192678
25,Genève,6,Aktiengesellschaft (AG),0.0434837408621124,0.0498825411106113,0.0470413583597486,13.0401419647424,89275,0.7502,0.175,192678
25,Genève,7,Gesellschaft mit beschränkter Haftung (GmbH),0.385611510791367,0.392479171357802,0.0470413583597486,13.0401419647424,89275,0.7502,0.175,192678
25,Genève,8,Genossenschaft,0.0266666666666667,-0.187744680851064,0.0470413583597486,13.0401419647424,89275,0.7502,0.175,192678
25,Genève,9,Verein,0.212781954887218,0.189103579347482,0.0470413583597486,13.0401419647424,89275,0.7502,0.175,192678
25,Genève,10,Stiftung,0.153310104529617,-0.00727083874318359,0.0470413583597486,13.0401419647424,89275,0.7502,0.175,192678
25,Genève,11,Ausländische Niederlassung im Handelsregister eingetragen,-0.178683385579937,-0.200264750378215,0.0470413583597486,13.0401419647424,89275,0.7502,0.175,192678
25,Genève,12,Ausländische Niederlassung nicht im Handelsregister eingetragen,-0.142857142857143,-0.0233463035019455,0.0470413583597486,13.0401419647424,89275,0.7502,0.175,192678
25,Genève,17,Institut des öffentlichen Rechts,0.0869565217391304,0.183545228700862,0.0470413583597486,13.0401419647424,89275,0.7502,0.175,192678
25,Genève,20,Bundesverwaltung,,,0.0470413583597486,13.0401419647424,89275,0.7502,0.175,192678
25,Genève,21,Kantonsverwaltung,,0.0372387638182845,0.0470413583597486,13.0401419647424,89275,0.7502,0.175,192678
25,Genève,22,Verwaltung des Bezirks,,,0.0470413583597486,13.0401419647424,89275,0.7502,0.175,192678
25,Genève,23,Verwaltung der Gemeinde,0,0.142949027174787,0.0470413583597486,13.0401419647424,89275,0.7502,0.175,192678
25,Genève,24,Öffentliche Verwaltung einer Körperschaft,0.111111111111111,0.089859437751004,0.0470413583597486,13.0401419647424,89275,0.7502,0.175,192678
25,Genève,31,Öffentliches Unternehmen des Kantons,,-0.112765957446809,0.0470413583597486,13.0401419647424,89275,0.7502,0.175,192678
25,Genève,32,Öffentliches Unternehmen des Bezirks,,,0.0470413583597486,13.0401419647424,89275,0.7502,0.175,192678
25,Genève,33,EinzelfirmaÖffentliches Unternehmen der Gemeinde,,-1,0.0470413583597486,13.0401419647424,89275,0.7502,0.175,192678
25,Genève,34,Öffentliches Unternehmen einer Körperschaft,,0.0555555555555556,0.0470413583597486,13.0401419647424,89275,0.7502,0.175,192678
26,Jura,1,Einzelfirma,-0.0393077148723966,-0.0764390896921017,0.0653036003704113,11.1639635560958,5161,0.7892,0.552,28976
26,Jura,2,Einfache Gesellschaft,-0.163366336633663,-0.126388888888889,0.0653036003704113,11.1639635560958,5161,0.7892,0.552,28976
26,Jura,3,Kollektivgesellschaft,-0.283333333333333,-0.412121212121212,0.0653036003704113,11.1639635560958,5161,0.7892,0.552,28976
26,Jura,4,Kommanditgesellschaft,,-1,0.0653036003704113,11.1639635560958,5161,0.7892,0.552,28976
26,Jura,5,Kommanditaktiengesellschaft,,,0.0653036003704113,11.1639635560958,5161,0.7892,0.552,28976
26,Jura,6,Aktiengesellschaft (AG),0.0954838709677419,0.0201623461639173,0.0653036003704113,11.1639635560958,5161,0.7892,0.552,28976
26,Jura,7,Gesellschaft mit beschränkter Haftung (GmbH),0.256296296296296,0.188115665713378,0.0653036003704113,11.1639635560958,5161,0.7892,0.552,28976
26,Jura,8,Genossenschaft,-0.0232558139534884,0.0976744186046512,0.0653036003704113,11.1639635560958,5161,0.7892,0.552,28976
26,Jura,9,Verein,0.125628140703518,0.13769123783032,0.0653036003704113,11.1639635560958,5161,0.7892,0.552,28976
26,Jura,10,Stiftung,0.2,0.175474254742547,0.0653036003704113,11.1639635560958,5161,0.7892,0.552,28976
26,Jura,11,Ausländische Niederlassung im Handelsregister eingetragen,,,0.0653036003704113,11.1639635560958,5161,0.7892,0.552,28976
26,Jura,12,Ausländische Niederlassung nicht im Handelsregister eingetragen,,,0.0653036003704113,11.1639635560958,5161,0.7892,0.552,28976
26,Jura,17,Institut des öffentlichen Rechts,,0.079136690647482,0.0653036003704113,11.1639635560958,5161,0.7892,0.552,28976
26,Jura,20,Bundesverwaltung,,,0.0653036003704113,11.1639635560958,5161,0.7892,0.552,28976
26,Jura,21,Kantonsverwaltung,,-0.0369015957446809,0.0653036003704113,11.1639635560958,5161,0.7892,0.552,28976
26,Jura,22,Verwaltung des Bezirks,,-1,0.0653036003704113,11.1639635560958,5161,0.7892,0.552,28976
26,Jura,23,Verwaltung der Gemeinde,-0.125,-0.0101809954751131,0.0653036003704113,11.1639635560958,5161,0.7892,0.552,28976
26,Jura,24,Öffentliche Verwaltung einer Körperschaft,-0.214285714285714,-0.171084337349398,0.0653036003704113,11.1639635560958,5161,0.7892,0.552,28976
26,Jura,31,Öffentliches Unternehmen des Kantons,0,0.0380085653104925,0.0653036003704113,11.1639635560958,5161,0.7892,0.552,28976
26,Jura,32,Öffentliches Unternehmen des Bezirks,,,0.0653036003704113,11.1639635560958,5161,0.7892,0.552,28976
26,Jura,33,EinzelfirmaÖffentliches Unternehmen der Gemeinde,,4.13793103448276,0.0653036003704113,11.1639635560958,5161,0.7892,0.552,28976
26,Jura,34,Öffentliches Unternehmen einer Körperschaft,,-0.229357798165138,0.0653036003704113,11.1639635560958,5161,0.7892,0.552,28976
